username,password
team020,6NZgZXbR
team021,mJjvncdd
team022,swE8nBsa
team023,MAUsEzLu
team024,eKHtuFVC
team025,S2BdvSSV
team026,LQ55Mhpa
team027,KVme46ym
team028,GhyAQSw7
team029,sLNwVNUc
team030,ePuYuSy7
team031,vsCvbGG9
team032,UjVXpcpJ
team033,97BSSUg9
team034,MNE5KAQn
team035,ykKa9JpS
team036,YaaYRPSC
team037,aLXTauS4
team038,4jrzjt82
team039,5RhWESWW
team040,QynuUnFV
team041,2UHfrHwu
team042,TZNrFJbx
team043,Vk2xgTjR
team044,ezdY5cQx
team045,3tirwhka
team046,ANGqtxfG
team047,wTdJqhRN
team048,rDKzVp5s
team049,Cc4j6dWu
team050,MVnbtWMP
team051,hpV4G3Kx
team052,PgP7mknL
team053,cMyBbcw3
team054,LSUewFEE
team055,qB44zJ3V
team056,5Ku7rPL5
team057,vXCfqykd
team058,Bx9PnNDd
team059,i2RDP67C
team060,Z8BmxF7V
team061,ZYRFyRcA
team062,KnWmvtnb
team063,XwtucmJc
team064,BeDpzbhN
team065,J9QW3CNd
team066,XNiYwN2z
team067,32AYWgnL
team068,uufBPZe4
team069,zD85acgf
team070,FJuPEafg
team071,WFhthHVW
team072,CxLEqVQz
team073,93zvLTNZ
team074,hSHc2JiA
team075,qMfJbzeX
team076,TBz8EKUm
team077,pZsBgXQ6
team078,46ryAAz2
team079,8cT6w9rK
team080,rd6PXEEa
team081,VVKzemKn
team082,jPc8uspe
team083,rAdMNE7i
team084,uGtk2ceN
team085,eY3HSW48
team086,Tj7MVDYv
team087,3B6uWJYG
team088,6j3Wvsnh
team089,6tFSkcMg
team090,s6WDHSaL
team091,jXqRKHRd
team092,YAQSKQNE
team093,uPLSjdiz
team094,jrRmADxA
team095,yhxm2MC8
team096,ywvGa78e
team097,LpzRAkET
team098,zEHUyvEW
team099,8r3dbWGL
team100,B2bbfagq
team101,NCRMXEyA
team102,eN56kYZu
team103,4Fs5pZ6s
team104,T2bSUzE4
team105,V8qHmp2E
team106,wWhKFpWV
team107,jRZHkf8d
team108,gMKx3qjW
team109,s5t8BTFC
team110,egUY6qzD
team111,w5qJyWPB
team112,6xy4G5zR
team113,DiKiHTFq
team114,4XkcTWvf
team115,TVRrRByx
team116,fDtDwUBB
team117,GrrsGEKz
team118,RQEA7ctf
team119,EAdwaFXn
team120,tPVBxueN
team121,BSELtqss
team122,8Pnx4bLJ
team123,gPNtaw8b
team124,bdhwVAXH
team125,P6WR33hd
team126,aErJPDR9
team127,z3y4fxvS
team128,zgDJLEEE
team129,bQ95A7hq
team130,b2EVyH9i
team131,m6ciX82Z
team132,ccwfnRpa
team133,Yh2kqTsR
team134,LKArePRE
team135,rmXTbwmZ
team136,NCkKLsT5
team137,4xEMSY3d
team138,5DAW5pzu
team139,mp8686Ct
team140,us9fEeWq
team141,KB8pALXJ
team142,kmeeQbUX
team143,W2kALteb
team144,WuK4GHcQ
team145,e4xUf3ry
team146,ucuQSMLW
team147,dnyAZsmR
team148,q5Jst8wE
team149,iRWHfZ64
team150,arrVyw4K
team151,Wx6sk8EJ
team152,hKt9jfVW
team153,w8AxmGkj
team154,Pkx8suYe
team155,vBHTZ4Vp
team156,RWcAS2Vc
team157,DU3yuA26
team158,vtuANDtg
team159,XCYWBZjB
team160,xAdBfACj
team161,YULP9a9K
team162,qb3u92Ma
team163,rSzraMrU
team164,YdyJ3x6c
team165,M2N3UeFh
team166,SBHUMjeB
team167,iypF3tuY
team168,iNuG6sb6
team169,QccBYS8g
team170,wdNeNbsG
team171,p5BxRiXS
team172,Hwq6vedx
team173,3eYChsJK
team174,GymyemZ7
team175,vqApDYHt
team176,zsmpnVf7
team177,nrWMX3rN
team178,Ark2yDJ2
team179,3v7XWG89
team180,bDXKg4CK
team181,7zyJEeEE
team182,BTRYfWyZ
team183,Vd4ebcP5
team184,f6UQsQtJ
team185,PN5zB6bt
team186,Rg3VCWKh
team187,wgGMwEXn
team188,vBQqDDNj
team189,D5aP37b2
team190,UFAxC8rY
team191,dAEtV7Z5
team192,hvafFFuV
team193,wAbdnqNj
team194,DEJRehxF
team195,H94Qd2KZ
team196,tvtpzyTx
team197,FJLACKpb
team198,MAEpZANt
team199,W3WRvq7J
team200,LSFbvDyd
team201,GvQfVFjY
team202,EprXLvSc
team203,SBt7ATia
team204,TQQAnxWu
team205,jXEnfZNG
team206,8Tg9ky4a
team207,Cc2Tgerd
team208,mmezYycw
team209,yaq5UgV4
team210,Hfwkd5cj
team211,RaCUgEUe
team212,XPUDd3Jq
team213,7EGNFL5b
team214,xWTHL5xD
team215,DEHQkqGz
team216,PA7PLZVs
team217,xmDgSRhm
team218,wGv8R6ps
team219,GJtcTQfa
team220,TaeQYj2Z
team221,LFvjzuuW
team222,8tuxg9yr
team223,5wUCiAjw
team224,tQkAJ9td
team225,5ZLXjHBs
team226,UuyB5KCt
team227,YA6HLaC5
team228,RFmNmbEF
team229,GrJrk8vC
team230,P7BQMS3M
team231,XQscaws4
team232,Qu8gNTkj
team233,r8iUDVXP
team234,PfbvgfPk
team235,qhqeQTEY
team236,ssuYunvv
team237,JYEUQK4C
team238,BBF5P6Fz
team239,P7L2mbL4
team240,jZeSrxeF
team241,aSjQQ83N
team242,CC7vKRyX
team243,zGbfk6ZF
team244,rTwWq57t
team245,wrs2N9Se
team246,XyQ4LCu2
team247,W8YqAVmi
team248,sFe36qTQ
team249,eFVTmnR3
team250,TXAZiVb9
team251,3NjWMHF3
team252,rddsD9Bc
team253,cyh96S8M
team254,pjyscGBg
team255,mnXntV36
team256,DbcVYvF3
team257,jtDH6G4D
team258,HvDvgAin
team259,uHWVEMJv
team260,YRJET45F
team261,DFnv5NaN
team262,k9GfUXMt
team263,EtzPgmkQ
team264,JKUWy5XW
team265,58EYrYv4
team266,JZmfTiDD
team267,CRcYgLyP
team268,eZ9bmstL
team269,9EvaDmEU
team270,KcejAnnu
team271,z223ZfTh
team272,prGieScu
team273,Gs9m6qXd
team274,N6s4QeFK
team275,P9xJyMJc
team276,hGAdufGy
team277,iNUiYfb3
team278,CGnWGFku
team279,eGcx4f7b
team280,mKvF6yF4
team281,wBybQvvY
team282,DZt3bJLc
team283,vv37FHGy
team284,k2NMm2sM
team285,BuL8rChp
team286,FNLgSHqw
team287,m8P74Kfs
team288,MxAja4rp
team289,AkY6XB9b
team290,55YrxrUd
team291,khGD8ppU
team292,XmeLtRTF
team293,5ynNPVcD
team294,CnhWJ3Da
team295,KcPuwb4B
team296,xmXk9Lfm
team297,gcyUmbbh
team298,7LrqCn5n
team299,wJz7ZwRK
team300,UxNMNrg9
team301,2VpPPZgz
team302,G3ReByw8
team303,QFJMgYaX
team304,5sGRaUc5
team305,vbdhMK3M
team306,PVLgYtWb
team307,NXwDU8fj
team308,D4Y8Jtsk
team309,agcwLJ8f
team310,T5uSp3HE
team311,FThM5Lrs
team312,ezZgRZP4
team313,4fHA4Z5y
team314,uKCYmasy
team315,jyZxzytJ
team316,tyRfBRUB
team317,84d9rwGN
team318,ZiGWQvEp
team319,QQTCQKiT
team320,D6uJWGMT
team321,acvxNE94
team322,AZma6BdA
team323,YMt8pHxi
team324,NG2cYayN
team325,gxGAVxPQ
team326,WBdzZGkj
team327,aZBaJSEr
team328,uRc5CyfF
team329,QYeQwhRx
team330,ziMAmaJk
team331,dbTzuzrv
team332,Npcvfcyz
team333,jytQHYD6
team334,BsUgyNwv
team335,RLLLPiVz
team336,daaFPtar
team337,nzx4M6m5
team338,s55Ff4hn
team339,BckRPEj6
team340,wBkA9G3e
team341,NMrvtrA3
team342,TGVCYb22
team343,5SQxDnL9
team344,RwTvd5qH
team345,N3SDW3LW
team346,BUGmbZqQ
team347,4bK7FAdU
team348,tetXk2iR
team349,LwkDFYf6
team350,hubrK6YD
team351,LkwZbK8z
team352,Tir8rzWa
team353,uVPDfxQW
team354,chY5aBWC
team355,rcsA2qnv
team356,E6FxJJDj
team357,4uqZGGSX
team358,MZyHPPNS
team359,qt8DRH7G
team360,wrFTUSgS
team361,AASYyZLy
team362,puQHJRxs
team363,A39LzYDz
team364,d35K2AN4
team365,PmKUVAVF
team366,Um2tSWzp
team367,VVu5UgVZ
team368,aFjSnBN8
team369,VgGBwqjb
team370,qFDQt7EQ
team371,zYjmmQ43
team372,ehkjw6gx
team373,GFdVrZbN
team374,xCxF83iV
team375,nUTXX8NF
team376,BZT23ZNy
team377,V6dvJwTr
team378,RgHCddsz
team379,z59DbdSi
team380,aMKrmrGT
team381,9i2JCAKs
team382,vxrk4ev3
team383,P493irHS
team384,CWFC6qRD
team385,sDYZtMxU
team386,xu3zwvSj
team387,cshW4gC6
team388,8HF7CdxT
team389,VkzxWMbx
team390,szULdynV
team391,jcajaTf8
team392,R5FT2rQd
team393,LHVgZ3jj
team394,2Ep7nmQZ
team395,TQ7aXg7P
team396,iB59DsjF
team397,vF5NUTWE
team398,4SQPYHBz
team399,fjXnQxRa
team400,4LxzQCx7
team401,6BVH4UWK
team402,g5jLfJxt
team403,yvP9zfQ7
team404,9JrbzEhm
team405,tmU62YkH
team406,fCeB2N3D
team407,Av5iFLex
team408,DVjgN5xr
team409,5vqWVHbs
team410,B39kqHd3
team411,LXLcjpFf
team412,MT3KWwL5
team413,25rv3W5z
team414,7eFuLhng
team415,kcTRFh85
team416,rYT9Fpmj
team417,ZTX5NheC
team418,sPpHvkht
team419,JbVu66iT
team420,VdshQQ96
team421,yFiuUKXz
team422,7K75hVqa
team423,zgFq8ndQ
team424,NUyRjM5Z
team425,aKFuCVgm
team426,fCdfaknH
team427,kUGqj7mN
team428,S5aC8ZFF
team429,7ijxYCCU
team430,d6nTguXh
team431,88DNhmMX
team432,ReU5B24r
team433,YiVxYaas
team434,RP35RpTg
team435,58DqvfNt
team436,ntXCSA4g
team437,JaUjiVHZ
team438,6KsKqV4Y
team439,dy7xLDjt
team440,Ft8Y7RQv
team441,73dD4s99
team442,HjT3trtA
team443,rBgbZqkZ
team444,7RGqzJrJ
team445,z7aKA3ni
team446,g9tmik8v
team447,f5vTJ9ix
team448,R3t3mHsa
team449,xEBH5AFX
team450,qxeG5ALQ
team451,ESHJkkWu
team452,wXgdeLsE
team453,7nV5DASu
team454,4ZXvuypd
team455,GZC9Lddi
team456,tNVn6GPU
team457,FKT84zAw
team458,3BsAsC9H
team459,aCa2hEUe
team460,ypTzHcvV
team461,YfiVd9JE
team462,9CPWTNdH
team463,XuLPtLzf
team464,ZjK7TeNB
team465,E4rdQ7WR
team466,5tgdBpBz
team467,dykvCsHX
team468,MVvjSnu9
team469,gUC93X5b
team470,c9SfZaWP
team471,cvFh9EHf
team472,48pxQkCH
team473,eMRyvecn
team474,jmYQB3J6
team475,Ayh6JRB7
team476,5gRnJyxx
team477,xMDiqKjt
team478,VZPYUTNZ
team479,WmhwSstD
team480,s5XHE3vh
team481,hDLFccf6
team482,kgzhjTiT
team483,wB6Fx8bM
team484,C7kj7GAe
team485,Ud5AqsYT
team486,8Ym9fL45
team487,JLJ2j8Vc
team488,fkURsZYH
team489,Pv3fJgTy
team490,FU8swGV5
team491,vqjsqetF
team492,dfvWm6dK
team493,3bQeKVrL
team494,4zbzPyaN
team495,VbHpzKTQ
team496,uUfu6s49
team497,tCiTqj65
team498,9fenqWUC
team499,hZPvdXzW
team500,FSbvay5x
team501,2kNyEAnx
team502,gwPBM9n6
team503,gJdXcPfk
team504,85gDatEy
team505,2nARuisF
team506,WGSFdZw7
team507,zpTBVB9S
team508,JrdDW6Lk
team509,FuJtnQmU
team510,YPUW4HFQ
team511,2qEyiggh
team512,DjusbQGW
team513,86s3ZZ2J
team514,ijJ4fJ2F
team515,t9f9tzJp
team516,FwXGAfrx
team517,dRG2UMYG
team518,KghrnYjn
team519,GY7wyt67
team520,2RMLWL4g
team521,wXJPM8we
team522,cBUiLiCU
team523,d8UMEZTR
team524,2uNK6Hfs
team525,JuBfvi5p
team526,3wiS4Uf6
team527,hhwC3pCh
team528,WP584CpL
team529,9eDkb3Ze
team530,PALeCTdb
team531,E4wJgdjr
team532,7prctQxd
team533,Y67Le9fk
team534,MC28Lnmv
team535,yyUGSvrv
team536,G4sm6NCr
team537,qyrvUhCX
team538,CGiUpuF8
team539,kVpB9PXP
team540,2uncLihP
team541,ZCEKDuQW
team542,cSq5DG5v
team543,52CwmUfv
team544,7j6FtNGs
team545,JwYFGmfY
team546,wPxhM8kV
team547,EJB4ySqf
team548,ybyruFaT
team549,bBW5QDrd
team550,ZkiXttiS
team551,4KDSL7Ee
team552,BqtX7sh7
team553,bwbmUiG9
team554,sqBy25aB
team555,XGE2xyvH
team556,JfsU7MT3
team557,XekE8EY2
team558,DhkpQGKK
team559,9uKuqhgs
team560,ghkWDnpg
team561,P3fdhcdb
team562,tTsL9jVY
team563,taZkCrur
team564,FM6cGcGP
team565,NFdBhA3V
team566,Ks9PRvXD
team567,MABHwBzY
team568,mQTBMkh5
team569,sCmDkJzA
team570,q72TiWjj
team571,wnELDHgY
team572,mTzUpzi7
team573,aYGn5v6F
team574,GKX62FZm
team575,iTRziyhv
team576,gE3hW4Mj
team577,4zYiG8XX
team578,BUbywr6c
team579,xvr2B6GL
team580,QnpVHdPw
team581,9wXJd75z
team582,2Pj8kGiF
team583,A4aySUq7
team584,jxhk82mg
team585,WG6YMcbV
team586,2dK29nDh
team587,LjYgc7xN
team588,Mydq2wx8
team589,ApxHjxud
team590,STRFbAkb
team591,e6cUjDJL
team592,WhPaKYsc
team593,BZmFa4Js
team594,QQbwtxM8
team595,aCH9SzAu
team596,rG5LJ3Se
team597,cUjkMWmF
team598,zrgeJV8i
team599,TsNR3VRJ
team600,zNNJefT2
team601,87isgkNq
team602,aNtTszqU
team603,s7C7e9ve
team604,H7RgL9Nm
team605,YE7yMtcE
team606,cPYkCmRs
team607,3LWHqnfH
team608,dQTveKER
team609,ddmjsP6X
team610,84yHWTax
team611,8eb5ahMX
team612,MSG2QVaB
team613,k9NGkXwe
team614,awWujNKH
team615,cY6bsshg
team616,WFszQm8b
team617,MZfhWQpY
team618,7t9fG4SM
team619,CDYi3GTi
team620,YwHidytS
team621,8gt89JAf
team622,x8d3ZXZm
team623,YW2hdGmZ
team624,g5GRsDEr
team625,KnEAn7eE
team626,Ws6YFtJj
team627,HvMCxzYA
team628,W3qmuW8f
team629,d22MBCUk
team630,FFaf7wBP
team631,UdtiKbX2
team632,N2GH948s
team633,xPCkNcLL
team634,ku54vKeF
team635,mfKrwSrV
team636,GXDsTzUF
team637,fKqFR9FL
team638,pKc9v4fZ
team639,s9apnphB
team640,R6ntLwVw
team641,abYm39gs
team642,Fk2xzE8g
team643,DAs6CBUk
team644,qu6m56rR
team645,BCyrfRMx
team646,7zc7brbD
team647,tf4uWP6d
team648,6tbhj97E
team649,sK2XgsCY
team650,jcCNBbpM
team651,yrAySznc
team652,wwfKQVui
team653,ApedTUQx
team654,STT87vKC
team655,cWS2zTZq
team656,aZTLXPE2
team657,k5AANn3v
team658,4siubs9R
team659,kJMNEzNq
team660,iDuUYKri
team661,j7WQFc6E
team662,WSy3zXk7
team663,wdndpwCG
team664,JXBL94e9
team665,biM2wFST
team666,AqNdwzWn
team667,tULW2s98
team668,cTYLGXqX
team669,vDTDhNtF
team670,yxzXTJyC
team671,Ub6FfA8s
team672,uqhFzijb
team673,V8miTMXw
team674,qyEjuUTe
team675,iqQ5JEW7
team676,N2AtJBNh
team677,AYkzihLf
team678,L6tiRQ5k
team679,FA5wVChc
team680,apardJd7
team681,t6HRRgFc
team682,7zCaMe2b
team683,PvSb7JT3
team684,WzeGLNiQ
team685,Nihd5wnj
team686,qVSvdnxP
team687,AEXN43wY
team688,5xp9QrKS
team689,7CLVgBj6
team690,hXivj2LB
team691,Lu8umCfv
team692,QPwv2LqV
team693,NfgFSaG4
team694,F5VBgY6v
team695,6fgpk7mg
team696,RxS6qx4v
team697,kXZM9V3v
team698,M5YzcXDP
team699,qP6dZxXV
team700,R4wbpgHy
team701,G4wN8B6H
team702,uZheKvF2
team703,LhZEDjvx
team704,eBPSdMHu
team705,PgjHVm5u
team706,H9LxMhNs
team707,NvzMeYyP
team708,NNLta5P6
team709,3kKnExDX
team710,8NCheJCt
team711,6rCHFFKM
team712,6ckbRykp
team713,HfamG97S
team714,CfKjuiic
team715,DPAzeY9Y
team716,imZU7bpQ
team717,XUdPhWyX
team718,UexwQwdS
team719,5FgAQNJd
team720,gMR5H9gv
team721,9wb9tauZ
team722,B9bn2djn
team723,pc5ZNmxM
team724,sftj3NiP
team725,ydM5vMxX
team726,FxdG7VTs
team727,tiuZGyd2
team728,NQiSAcgv
team729,D3ZnvKFi
team730,jTzNzPuQ
team731,KhC6Vi2K
team732,QP3zq2Lm
team733,iZ8P9h3a
team734,XYbzkSQu
team735,DnDaBuHG
team736,3KHsD3Rp
team737,n6RdcakN
team738,LyVABSvs
team739,LJ7fdZcz
team740,9J786AU8
team741,sFZ8RqWG
team742,HinFpkv2
team743,kSAYeRMT
team744,e5vnw3E9
team745,ViXS5h6A
team746,csY8kpNG
team747,5ikZ5H6H
team748,j2AmNenR
team749,YXVyG8BD
team750,mHcqJj7D
team751,SRLR4zkP
team752,3jnjrA2s
team753,Xujniqzj
team754,nthRbqPR
team755,8HQuS3Em
team756,y7tdsZQL
team757,4NPBi2Zn
team758,fqV4WXyg
team759,zmuj5jaF
team760,png6FzQG
team761,TNBbtRtg
team762,sD6akKE5
team763,EJ2QQkkx
team764,x4vzk2Tb
team765,PwdX6FT3
team766,aQDWzrUD
team767,JPvAXKEx
team768,Gjvjw4PM
team769,5ksmdEuW
team770,6LGwD8XB
team771,bKs4q8sM
team772,fhApbDy2
team773,BE7jZuSF
team774,9MaXCQCD
team775,Cqyc77XF
team776,x9dtKEGp
team777,X5LP4jff
team778,6PVjqqct
team779,fLtmsaFD
team780,qcZKHwTB
team781,xJtqdUxS
team782,BrUWCLZx
team783,PyfWTsTZ
team784,WgV5efa3
team785,i2UbjUSr
team786,puGQm53b
team787,3C2beSBH
team788,Xbr2Ky62
team789,zkMX7qWK
team790,R6FAUwJk
team791,RrWT2Ryg
team792,c4GEUF2i
team793,9kp7NTqS
team794,KQsXXXxj
team795,nKDCArEF
team796,rgt7bFeZ
team797,jwBhFJM6
team798,Mq23TeXQ
team799,3zPvxvMN
team800,EhkA59Ti
team801,LmsWNbPs
team802,RgLusFbZ
team803,F239R3Qg
team804,dH93wgRX
team805,B6h7vZrd
team806,Vc6A3fj4
team807,5TVPVA4f
team808,sgDP6fpC
team809,MWCQF59S
team810,Ukpsem7m
team811,nRJU8t8Q
team812,JwbxQea5
team813,fytTCg2k
team814,WzaLQTBT
team815,5XzJaaSr
team816,ArjA4QgG
team817,ze87dqPP
team818,aqzKwSmK
team819,zYrZWpjK
team820,tZ3LYRY6
team821,DBwkWrbf
team822,4hwUuCC6
team823,pTazJ46e
team824,wawjtjGL
team825,pL3cT84z
team826,XW2vpgSj
team827,3YjHgPjT
team828,cXPincg6
team829,vbPY3Yjq
team830,Mq3dt8fU
team831,MhGmk9ek
team832,cVdUAekj
team833,XD6GTa4b
team834,LswSbfK7
team835,bECEbsmQ
team836,BjhDxwwy
team837,HKSfUKZz
team838,WLgLTqKn
team839,3MdWKMaB
team840,8rnFSUwf
team841,aurhYNeH
team842,k27xpjHP
team843,R6Qtxdey
team844,vtwSqURG
team845,rCggQ6HR
team846,r5jrA4YA
team847,kdwiLeWi
team848,DQCuqZjq
team849,mJ2isYwQ
team850,AUe8jmcD
team851,ed5PDiUP
team852,fCz8BucC
team853,T9AsuCPx
team854,TLZwCHtF
team855,pYbNdLAy
team856,Bfxrs4fj
team857,aFBdNNBa
team858,qXZvtK7D
team859,CLDUc5UK
team860,TRpW2H6D
team861,QDpQyx9C
team862,NKbzCzCS
team863,kN6JadaG
team864,6wxXv92u
team865,ppWxDXDT
team866,U7izdtLq
team867,vstNZVuQ
team868,NW3K989P
team869,8Fjrb7b3
team870,PthYjYfi
team871,ewT5JSZJ
team872,gfRKmj3R
team873,ge3CC3qL
team874,APPAt8Dv
team875,XNBnwUJM
team876,BMUKDHUT
team877,T5LHL7sH
team878,yhDM2BU2
team879,ARJ4ueTV
team880,JsYxpYUQ
team881,8n43NJDL
team882,XpqVkKNE
team883,BXysxQU3
team884,kQ2tCCTi
team885,CHTk23sa
team886,aX3VPKNy
team887,GJGnycXp
team888,8aPHtLQh
team889,gJDdbxVx
team890,Jqz3Hyje
team891,556PjVtF
team892,sWWdu8sw
team893,SpQK8MMD
team894,4aeHmt3Z
team895,RaGPqQm7
team896,ibD4jyqj
team897,bYRKpbCm
team898,bB8ch3eA
team899,NcP8E8YN
team900,YdiDcbEx
team901,URdYhkCd
team902,cUsKjMKb
team903,WeKmdtfS
team904,jxt9EsKD
team905,UXVRLvYH
team906,E3ccWXZb
team907,mHy6AFYd
team908,gvEcS9fh
team909,uDTdrxb3
team910,bwrDxbxe
team911,56FfPihb
team912,xZyVfS4k
team913,XMZS37d6
team914,ZBhV4NW9
team915,JDNCqKWr
team916,VW6xepsx
team917,486s6a9z
team918,w9KAc5tg
team919,RCfBirJx
team920,MbqgRD3R
team921,JLg7WGr4
team922,KGjSaPCT
team923,XVtTLZbu
team924,mXNbufQE
team925,W5xZ2XYQ
team926,aM7Z7TPX
team927,4AbNeyyh
team928,vjQsFYUH
team929,dVNc3pM3
team930,X7g3bGDW
team931,Z8c6yXip
team932,4iipUzfG
team933,HwdYygQ9
team934,8AFQUdgM
team935,d8Yd46C7
team936,KvqmmBah
team937,jHETLcwR
team938,8PgsHrvX
team939,PMCRG5K7
team940,3uWqCzzC
team941,7xFrWpZq
team942,Mgx5A8pz
team943,UBJDErka
team944,NWuhgUWX
team945,TpHucKTK
team946,8ZSKLYah
team947,KzfyS6Ne
team948,UeCQiXyk
team949,FJExVixx
team950,74gyFQmT
team951,gLrYARRu
team952,43z5RgXp
team953,FaTpxm48
team954,FKH3NUxz
team955,iHeeNCzv
team956,nzaXb6Uc
team957,c3n5VmGJ
team958,HGkNQxd8
team959,HMf5m9V2
team960,Zx9G3Pm8
team961,tKdHcxsA
team962,gkvf9BWp
team963,2e8EYFkD
team964,V4cPRR7t
team965,FSvZTzi4
team966,BTeCrviX
team967,btbWWijN
team968,bTeUXQti
team969,qh27vujb
team970,SkYPj4EM
team971,HupVu2Ue
team972,QSuxRDJH
team973,YtSfQt8M
team974,8LZa3hkS
team975,h4HYxspr
team976,DUwGULcP
team977,eMfWe4sc
team978,g2qE7g7s
team979,zWKJdaHX
team980,ewxkuBCQ
team981,DyChwWpt
team982,hhzUGKdi
team983,7tr7nyrD
team984,CaJ9Aii4
team985,vYMgspdc
team986,cvSmW446
team987,BnUUErbD
team988,Xc7hVz8x
team989,qQ8c8VQ2
team990,dkwNZBm8
team991,MdUzb4S2
team992,6v7HTs7i
team993,7iuxcEwA
team994,6PK3pfL4
team995,vaRTLRhv
team996,eTr6UPua
team997,3fqj4Yp8
team998,YYp8t6Vp
team999,k7SmXr7F
team1000,UxVp9AYY
team1001,ycqw5hnp
team1002,CLd8cFWe
team1003,h3ts68bJ
team1004,RnrVdA2E
team1005,c5KTQmD4
team1006,ddFHRzuq
team1007,PJkMLkWN
team1008,NzwmRuRb
team1009,85sjtPeB
team1010,c5eWrDze
team1011,ecfZFxPT
team1012,KGSBR9sJ
team1013,YSXMyMpm
team1014,mBfkP5y4
team1015,SrFdmXSW
team1016,HCsY2quG
team1017,hyFCh6dM
team1018,7r5bEePX
team1019,qY9jzucb
